Feature,Importance
EXT_SOURCE_3,0.031881046
EXT_SOURCE_2,0.029869469
NAME_EDUCATION_TYPE_Higher education,0.02190482
CODE_GENDER_M,0.017395156
FLAG_DOCUMENT_3,0.011416237
NAME_EDUCATION_TYPE_Secondary / secondary special,0.011225281
FLAG_OWN_CAR_Y,0.011153211
NAME_INCOME_TYPE_Working,0.010904748
EMPLOYMENT_YEARS,0.010849451
NAME_CONTRACT_TYPE_Revolving loans,0.009906381
REGION_RATING_CLIENT_W_CITY,0.009744917
CREDIT_GROUP_High Credit,0.009704987
REG_CITY_NOT_LIVE_CITY,0.008901833
NAME_FAMILY_STATUS_Married,0.008774116
AMT_GOODS_PRICE,0.008593617
AGE_YEARS,0.008521619
AGE_GROUP_60-70,0.0083343815
DEF_60_CNT_SOCIAL_CIRCLE,0.007977281
CREDIT_GROUP_Upper Middle,0.007850051
OCCUPATION_TYPE_Core staff,0.007560941
AMT_CREDIT,0.0074173496
DEF_30_CNT_SOCIAL_CIRCLE,0.0068728696
DAYS_EMPLOYED,0.006832407
AMT_ANNUITY,0.0068019084
ORGANIZATION_TYPE_XNA,0.006799313
AMT_REQ_CREDIT_BUREAU_QRT,0.0067025935
ORGANIZATION_TYPE_Self-employed,0.006698954
FLAG_DOCUMENT_13,0.0066411495
INCOME_GROUP_High Income,0.0064700055
FLOORSMAX_MEDI,0.0062954566
FLAG_DOCUMENT_18,0.0061360947
FLAG_DOCUMENT_16,0.0061097774
ORGANIZATION_TYPE_Military,0.006086166
OCCUPATION_TYPE_Low-skill Laborers,0.006037985
NAME_INCOME_TYPE_State servant,0.0060356003
DAYS_BIRTH,0.005960269
REGION_RATING_CLIENT,0.005894897
INCOME_BAND_Lower_Middle,0.0058255806
ORGANIZATION_TYPE_Construction,0.0058235126
ORGANIZATION_TYPE_Industry: type 9,0.0058201803
FLAG_DOCUMENT_11,0.00578736
ORGANIZATION_TYPE_Restaurant,0.005715745
ANNUITY_BURDEN,0.005662763
ORGANIZATION_TYPE_Transport: type 3,0.0056507234
FLAG_EMP_PHONE,0.0056397202
INCOME_BAND_Upper_Middle,0.005589611
ANNUITY_TO_INCOME,0.0055304077
FLOORSMAX_MODE,0.0054361173
CREDIT_TO_INCOME,0.0054295794
DAYS_ID_PUBLISH,0.0054287515
ORGANIZATION_TYPE_Trade: type 2,0.0054200473
FLAG_WORK_PHONE,0.0054140855
YEARS_BEGINEXPLUATATION_MEDI,0.005358212
NAME_HOUSING_TYPE_House / apartment,0.0053342707
OCCUPATION_TYPE_Medicine staff,0.005305454
DAYS_LAST_PHONE_CHANGE,0.005304286
FLAG_DOCUMENT_15,0.005269208
ORGANIZATION_TYPE_School,0.0052583367
ORGANIZATION_TYPE_Kindergarten,0.0052337805
NAME_FAMILY_STATUS_Single / not married,0.005210509
OCCUPATION_TYPE_Drivers,0.005208427
NAME_INCOME_TYPE_Pensioner,0.005171241
OCCUPATION_TYPE_Sales staff,0.0051302067
ORGANIZATION_TYPE_Services,0.0050618444
NAME_EDUCATION_TYPE_Lower secondary,0.005058994
AMT_REQ_CREDIT_BUREAU_YEAR,0.0050446885
FLOORSMAX_AVG,0.00504095
FLAG_DOCUMENT_14,0.005029534
AGE_GROUP_50-60,0.005023303
YEARS_BEGINEXPLUATATION_MODE,0.0050111013
CREDIT_GROUP_Lower Middle,0.005010709
OCCUPATION_TYPE_Secretaries,0.004966836
LOAN_TO_INCOME,0.004954945
AGE_GROUP_30-40,0.00492457
TOTALAREA_MODE,0.0048416257
OBS_60_CNT_SOCIAL_CIRCLE,0.0047943313
INCOME_BAND_High,0.0047766324
NAME_HOUSING_TYPE_Municipal apartment,0.0047763353
OCCUPATION_TYPE_Security staff,0.004775376
OCCUPATION_TYPE_Private service staff,0.004772289
ORGANIZATION_TYPE_Transport: type 2,0.0047384524
INCOME_GROUP_Upper Middle,0.0046937787
ORGANIZATION_TYPE_Business Entity Type 2,0.00467937
ORGANIZATION_TYPE_Industry: type 12,0.0046752687
ORGANIZATION_TYPE_Business Entity Type 1,0.0046715145
CNT_FAM_MEMBERS,0.004666678
NAME_HOUSING_TYPE_Office apartment,0.004651311
DAYS_REGISTRATION,0.004650496
NAME_HOUSING_TYPE_Rented apartment,0.004643866
LTI_GROUP_High LTI,0.0046356544
AGE_GROUP_40-50,0.004614354
ORGANIZATION_TYPE_Security Ministries,0.004582485
ORGANIZATION_TYPE_Medicine,0.0045675635
ORGANIZATION_TYPE_Police,0.004508071
FLAG_PHONE,0.004463429
WEEKDAY_APPR_PROCESS_START_MONDAY,0.004461825
"NAME_TYPE_SUITE_Spouse, partner",0.004456975
ORGANIZATION_TYPE_Bank,0.0044463417
ORGANIZATION_TYPE_Hotel,0.00441984
REGION_POPULATION_RELATIVE,0.004416506
NAME_FAMILY_STATUS_Separated,0.004414572
ORGANIZATION_TYPE_Other,0.0044099153
AMT_INCOME_TOTAL,0.0043988116
FLAG_DOCUMENT_9,0.004385648
LTI_GROUP_Very High LTI,0.0043813745
ORGANIZATION_TYPE_Government,0.004377464
ORGANIZATION_TYPE_Telecom,0.004372265
WEEKDAY_APPR_PROCESS_START_WEDNESDAY,0.0043571736
EMERGENCYSTATE_MODE_Yes,0.0042908415
YEARS_BEGINEXPLUATATION_AVG,0.004273843
NAME_EDUCATION_TYPE_Incomplete higher,0.004262716
OCCUPATION_TYPE_Cleaning staff,0.004256243
FLAG_EMAIL,0.0042522848
NAME_HOUSING_TYPE_With parents,0.0042467928
WEEKDAY_APPR_PROCESS_START_SATURDAY,0.0042309617
ORGANIZATION_TYPE_Trade: type 1,0.0042132842
NAME_TYPE_SUITE_Family,0.0042019817
ORGANIZATION_TYPE_Industry: type 4,0.004195137
ORGANIZATION_TYPE_Industry: type 10,0.0041781906
NAME_TYPE_SUITE_Unaccompanied,0.0041709063
ORGANIZATION_TYPE_Realtor,0.0041654557
ORGANIZATION_TYPE_Business Entity Type 3,0.004147903
HOUR_APPR_PROCESS_START,0.0041478123
ORGANIZATION_TYPE_Housing,0.004146615
ORGANIZATION_TYPE_University,0.0041443855
ORGANIZATION_TYPE_Trade: type 7,0.004141675
OCCUPATION_TYPE_High skill tech staff,0.0041342773
NAME_INCOME_TYPE_Commercial associate,0.0041312166
OCCUPATION_TYPE_Managers,0.0041291974
ORGANIZATION_TYPE_Trade: type 6,0.0041231886
AMT_REQ_CREDIT_BUREAU_MON,0.004072712
ORGANIZATION_TYPE_Security,0.00404306
ORGANIZATION_TYPE_Industry: type 5,0.004039449
AMT_REQ_CREDIT_BUREAU_WEEK,0.0040260362
WEEKDAY_APPR_PROCESS_START_SUNDAY,0.0040124343
LIVE_REGION_NOT_WORK_REGION,0.0039928528
ORGANIZATION_TYPE_Industry: type 11,0.0039907964
NAME_FAMILY_STATUS_Widow,0.0039635487
ORGANIZATION_TYPE_Culture,0.003917593
FLAG_DOCUMENT_8,0.003903025
REG_CITY_NOT_WORK_CITY,0.0038908767
ORGANIZATION_TYPE_Electricity,0.0038885311
FLAG_OWN_REALTY_Y,0.0038596005
FLAG_DOCUMENT_6,0.00382628
REG_REGION_NOT_WORK_REGION,0.0038246147
OCCUPATION_TYPE_Cooking staff,0.0038117361
OBS_30_CNT_SOCIAL_CIRCLE,0.0038036525
ORGANIZATION_TYPE_Industry: type 2,0.0037967751
ORGANIZATION_TYPE_Transport: type 1,0.0037963742
OCCUPATION_TYPE_Laborers,0.0037927083
OCCUPATION_TYPE_Waiters/barmen staff,0.0037734597
WEEKDAY_APPR_PROCESS_START_THURSDAY,0.0037706022
OCCUPATION_TYPE_Realty agents,0.0037469256
REG_REGION_NOT_LIVE_REGION,0.0036531743
FLAG_DOCUMENT_5,0.0036309531
ORGANIZATION_TYPE_Legal Services,0.0036268646
INCOME_GROUP_Lower Middle,0.0036179163
AMT_REQ_CREDIT_BUREAU_DAY,0.0036095304
OCCUPATION_TYPE_IT staff,0.0035911351
WEEKDAY_APPR_PROCESS_START_TUESDAY,0.0035607207
LIVE_CITY_NOT_WORK_CITY,0.0035534296
ORGANIZATION_TYPE_Industry: type 3,0.0034964667
FLAG_CONT_MOBILE,0.0034213853
ORGANIZATION_TYPE_Industry: type 7,0.0034089447
CNT_CHILDREN,0.0033790518
ORGANIZATION_TYPE_Industry: type 1,0.0033294891
ORGANIZATION_TYPE_Cleaning,0.0033239177
AMT_REQ_CREDIT_BUREAU_HOUR,0.003320641
FLAG_DOCUMENT_7,0.003316431
ORGANIZATION_TYPE_Trade: type 3,0.003315574
LTI_GROUP_Medium LTI,0.003286595
ORGANIZATION_TYPE_Transport: type 4,0.0032652346
ORGANIZATION_TYPE_Emergency,0.00317132
ORGANIZATION_TYPE_Postal,0.0031548766
ORGANIZATION_TYPE_Mobile,0.0031129085
ORGANIZATION_TYPE_Agriculture,0.0030733212
NAME_TYPE_SUITE_Other_B,0.0029546837
FLAG_DOCUMENT_17,0.002936332
ORGANIZATION_TYPE_Insurance,0.0028725972
OCCUPATION_TYPE_HR staff,0.0027850422
NAME_INCOME_TYPE_Unemployed,0.002755958
ORGANIZATION_TYPE_Trade: type 4,0.0026321667
NAME_TYPE_SUITE_Other_A,0.002551773
FLAG_DOCUMENT_2,0.0023179802
FLAG_DOCUMENT_20,0.0022809044
ORGANIZATION_TYPE_Industry: type 13,0.0011386127
FLAG_DOCUMENT_10,0.0
FLAG_MOBIL,0.0
FLAG_DOCUMENT_4,0.0
NAME_INCOME_TYPE_Maternity leave,0.0
NAME_INCOME_TYPE_Student,0.0
ORGANIZATION_TYPE_Industry: type 8,0.0
ORGANIZATION_TYPE_Industry: type 6,0.0
ORGANIZATION_TYPE_Trade: type 5,0.0
CODE_GENDER_XNA,0.0
FLAG_DOCUMENT_12,0.0
FLAG_DOCUMENT_21,0.0
NAME_FAMILY_STATUS_Unknown,0.0
FLAG_DOCUMENT_19,0.0
ORGANIZATION_TYPE_Religion,0.0
NAME_TYPE_SUITE_Group of people,0.0
